City_ID,City,Lat,Lng,Max Temp,Humidity,Cloudiness,Wind Speed,Country,Date
0,arraial do cabo,-22.9661,-42.0278,26.27,85,97,8.01,BR,1707866198
1,guerrero negro,27.9769,-114.0611,17.99,38,0,5.35,MX,1707866198
2,sovetsk,55.0839,21.8785,3.1,82,100,2.23,RU,1707866199
3,nuku'alofa,-21.1333,-175.2,30.19,79,75,8.23,TO,1707866199
4,margaret river,-33.95,115.0667,13.28,78,65,4.89,AU,1707866199
5,berdigestyakh,62.0989,126.6992,-26.67,97,100,2.06,RU,1707866200
6,bredasdorp,-34.5322,20.0403,17.63,87,15,2.12,ZA,1707866200
7,belmonte,-15.8631,-38.8828,25.88,85,7,2.06,BR,1707866200
8,stanley,54.868,-1.6985,5.44,94,0,1.03,GB,1707866200
9,adamstown,-25.066,-130.1015,24.45,81,100,7.28,PN,1707866201
10,kamyshin,50.0983,45.416,0.66,98,100,5.98,RU,1707866201
11,jamestown,42.097,-79.2353,0.01,83,100,7.72,US,1707865982
12,katsuura,35.1333,140.3,12.3,63,0,4.71,JP,1707866202
13,tiksi,71.6872,128.8694,-24.67,99,100,2.07,RU,1707866202
14,ribeira grande,38.5167,-28.7,15.99,78,100,6.71,PT,1707866202
15,port mathurin,-19.6833,63.4167,27.42,80,81,8.04,MU,1707866203
16,ilulissat,69.2167,-51.1,-24.99,53,4,1.03,GL,1707866203
17,ushuaia,-54.8,-68.3,11.81,58,0,11.32,AR,1707866203
18,invercargill,-46.4,168.35,20.2,51,0,3.32,NZ,1707866203
19,grytviken,-54.2811,-36.5092,6.57,96,100,2.43,GS,1707866203
20,barabai,-2.5833,115.3833,23.0,96,100,1.16,ID,1707866204
21,isafjordur,66.0755,-23.124,-5.0,79,30,4.11,IS,1707866204
22,chonchi,-42.6128,-73.8092,21.56,52,9,0.58,CL,1707866204
23,vorgashor,67.5833,63.95,-31.58,98,9,2.76,RU,1707866205
24,nadym,65.5333,72.5167,-36.64,95,17,3.87,RU,1707866205
25,petropavlovsk-kamchatsky,53.0452,158.6483,-19.67,55,40,3.0,RU,1707866205
26,gejiu,23.306,103.1635,5.53,91,28,1.56,CN,1707866206
27,huanggang,23.677,116.9996,14.94,83,5,0.89,CN,1707866206
28,port-aux-francais,-49.35,70.2167,7.88,89,100,9.22,TF,1707866206
29,lebu,-37.6167,-73.65,16.42,76,57,4.8,CL,1707866207
30,kurkino,53.4257,38.6582,-6.71,95,100,5.97,RU,1707866207
31,san patricio,28.017,-97.5169,19.4,45,94,5.03,US,1707866207
32,gorontalo,0.5412,123.0595,24.86,88,99,1.52,ID,1707866208
33,freetown,8.484,-13.2299,26.23,79,49,3.71,SL,1707866208
34,bethel,41.3712,-73.414,1.38,80,0,1.54,US,1707866176
35,bamboo flat,11.7,92.7167,25.05,88,40,0.0,IN,1707866208
36,mo i rana,66.3128,14.1428,-6.74,58,40,4.63,NO,1707866209
37,kodiak,57.79,-152.4072,3.73,93,100,9.26,US,1707866105
38,afif,23.9065,42.9172,17.09,43,47,6.92,SA,1707866209
39,hami,42.8,93.45,-3.44,40,0,2.68,CN,1707866210
40,puerto del rosario,28.5004,-13.8627,21.86,49,100,2.57,ES,1707866210
41,udomlya,57.8794,34.9925,-17.51,95,50,3.93,RU,1707866210
42,ponta delgada,37.7333,-25.6667,15.4,94,40,5.14,PT,1707866210
43,puerto natales,-51.7236,-72.4875,11.38,96,96,1.33,CL,1707866190
44,mount isa,-20.7333,139.5,28.87,70,64,5.14,AU,1707866211
45,pisco,-13.7,-76.2167,26.03,69,20,8.75,PE,1707866211
46,tsiombe,-25.3,45.4833,24.32,87,99,5.96,MG,1707866211
47,magadan,59.5667,150.8,-26.07,94,85,2.35,RU,1707866212
48,port alfred,-33.5906,26.891,19.54,90,69,0.45,ZA,1707866212
49,santana,-0.0583,-51.1817,25.1,94,40,1.54,BR,1707865951
50,camrose,53.0168,-112.8353,-4.26,67,99,3.58,CA,1707866212
51,turpan,42.9333,89.1667,1.45,40,0,2.02,CN,1707866213
52,ust-nera,64.5667,143.2,-39.87,96,88,0.16,RU,1707866213
53,ust'-ordynskiy,52.805,104.7508,-27.04,98,96,2.07,RU,1707866214
54,saldanha,-33.0117,17.9442,17.84,91,37,4.47,ZA,1707866062
55,west island,-12.1568,96.8225,27.99,74,59,4.63,CC,1707866214
56,chhatarpur,24.9,79.6,16.36,61,88,2.62,IN,1707866214
57,nagqu,31.5,92.0,-7.23,34,100,0.99,CN,1707866215
58,al jawf,29.5,38.75,15.85,44,42,4.23,SA,1707866215
59,carahue,-38.7,-73.1667,19.76,51,96,2.29,CL,1707866215
60,rio grande,-32.035,-52.0986,22.06,61,100,6.01,BR,1707866215
61,balikpapan,-1.2675,116.8289,24.55,88,20,2.57,ID,1707866215
62,tamanrasset,22.785,5.5228,16.95,20,0,2.57,DZ,1707866216
63,montereau-fault-yonne,48.3833,2.95,10.26,81,99,5.87,FR,1707866216
64,barra de santo antonio,-9.4047,-35.5072,27.6,81,100,2.75,BR,1707866216
65,khalkhal,37.6189,48.5258,5.22,51,100,2.56,IR,1707866216
66,kirakira,-10.4544,161.9205,29.34,71,100,3.21,SB,1707866217
67,acarau,-2.8856,-40.12,26.65,82,100,4.54,BR,1707866217
68,tibanbang,6.6315,126.1055,25.98,78,84,3.87,PH,1707866217
69,puerto ayora,-0.7393,-90.3518,27.53,95,61,1.79,EC,1707866217
70,uberlandia,-18.9186,-48.2772,25.56,65,20,2.57,BR,1707866218
71,sulak,43.2734,47.5146,10.07,78,100,4.71,RU,1707866218
72,vygonichi,53.0985,34.0673,0.38,98,100,4.2,RU,1707866218
73,thompson,55.7435,-97.8558,-4.91,93,100,0.0,CA,1707866218
74,waitangi,-43.9535,-176.5597,15.24,80,2,2.74,NZ,1707866218
75,puerto real,36.5282,-6.1901,17.36,88,0,2.57,ES,1707866219
76,pauini,-7.7136,-66.9764,23.61,97,97,0.89,BR,1707866219
77,sidi bel abbes,35.1899,-0.6309,13.62,65,52,2.84,DZ,1707866219
78,tomatlan,19.9333,-105.25,24.63,69,100,2.38,MX,1707866219
79,port elizabeth,-33.918,25.5701,20.73,93,75,4.63,ZA,1707866220
80,anadyr,64.75,177.4833,-25.56,75,40,6.0,RU,1707866220
81,island harbour,50.724,-1.2758,12.31,94,100,4.47,GB,1707866220
82,bokhan,53.153,103.7714,-24.22,97,99,1.75,RU,1707866220
83,tindouf,27.6711,-8.1474,21.25,18,80,2.57,DZ,1707866221
84,edinburgh of the seven seas,-37.0676,-12.3116,18.0,81,36,3.9,SH,1707866221
85,blackmans bay,-43.0167,147.3167,13.18,59,42,0.89,AU,1707866221
86,nova xavantina,-14.6667,-52.35,26.21,72,20,1.47,BR,1707866222
87,puerto baquerizo moreno,-0.9,-89.6,27.19,80,88,4.59,EC,1707866222
88,saipan,15.1355,145.701,25.39,83,75,8.23,MP,1707866222
89,albany,42.6001,-73.9662,3.36,56,97,4.02,US,1707866119
90,weiser,44.251,-116.9693,12.11,49,6,1.46,US,1707866223
91,singaraja,-8.112,115.0882,27.09,85,93,0.42,ID,1707866223
92,st. john's,47.5649,-52.7093,-0.18,85,100,3.09,CA,1707866158
93,ulladulla,-35.35,150.4667,21.05,83,88,7.02,AU,1707866224
94,cockburn town,21.4612,-71.1419,25.59,77,1,2.84,TC,1707866224
95,semey,50.4111,80.2275,-10.71,74,100,9.54,KZ,1707866224
96,sayaxche,16.5167,-90.1667,24.39,73,81,1.76,GT,1707866225
97,talara,-4.5772,-81.2719,29.42,65,40,6.17,PE,1707866225
98,caibarien,22.5206,-79.4669,24.62,77,48,6.15,CU,1707866225
99,qaqortoq,60.7167,-46.0333,0.18,99,100,2.61,GL,1707866225
100,bac lieu,9.285,105.7244,25.57,82,18,7.6,VN,1707866226
101,olbia,40.9214,9.4856,10.03,87,0,3.6,IT,1707866226
102,someshwar,13.5,75.0667,20.27,49,50,1.71,IN,1707866226
103,bilibino,68.0546,166.4372,-38.32,100,92,0.58,RU,1707866227
104,barsukovskaya,44.7632,41.8191,8.08,53,100,0.51,RU,1707866227
105,hashtpar,37.8008,48.9037,15.75,52,100,2.61,IR,1707866227
106,whitehorse,60.7161,-135.0538,-2.17,69,100,7.2,CA,1707866227
107,avarua,-21.2078,-159.775,30.03,62,56,5.66,CK,1707866228
108,dryden,49.7833,-92.7503,-5.84,58,20,2.06,CA,1707866228
109,hadibu,12.65,54.0333,23.99,79,28,4.08,YE,1707866228
110,longyearbyen,78.2186,15.6401,-3.09,74,20,7.2,SJ,1707866220
111,kingston,17.997,-76.7936,28.53,81,75,5.66,JM,1707866024
112,la foa,-21.7108,165.8276,28.85,68,2,1.94,NC,1707866229
113,baiyin,36.5583,104.2081,-2.48,25,100,4.85,CN,1707866230
114,hastings,50.8552,0.5729,11.66,56,100,9.32,GB,1707866230
115,conde,-7.2597,-34.9075,26.7,89,20,2.06,BR,1707866224
116,wailua homesteads,22.0669,-159.378,25.44,72,0,6.17,US,1707866231
117,kapa'a,22.0752,-159.319,26.18,71,0,6.17,US,1707866231
118,college,64.8569,-147.8028,6.18,63,75,2.57,US,1707865973
119,okha,53.5739,142.9478,-17.88,92,100,4.29,RU,1707866231
120,utrik,11.2278,169.8474,26.12,76,96,8.6,MH,1707866232
121,glubokoye,50.1456,82.3114,-9.14,48,96,4.0,KZ,1707866232
122,khodzha-maston,38.7446,68.627,2.68,31,79,5.0,TJ,1707866232
123,chenab nagar,31.7541,72.92,11.12,36,41,2.08,PK,1707866232
124,iqaluit,63.7506,-68.5145,-19.15,78,75,0.0,CA,1707866233
125,nicoya,10.1483,-85.452,31.37,42,85,8.23,CR,1707866233
126,greenland,43.0362,-70.8328,1.73,56,20,3.09,US,1707866233
127,aasiaat,68.7098,-52.8699,-30.84,96,26,5.01,GL,1707866234
128,dolores,-36.3132,-57.6792,15.67,74,23,3.6,AR,1707866234
129,shakiso,5.75,38.9167,17.32,61,48,1.63,ET,1707866234
130,luderitz,-26.6481,15.1594,18.61,72,29,7.9,NA,1707866235
131,pingliang,35.5392,106.6861,1.1,34,100,7.7,CN,1707866235
132,rampur,28.8167,79.0333,13.87,42,100,2.28,IN,1707866235
133,leerdam,51.8933,5.0917,8.86,86,100,7.48,NL,1707866236
134,carnarvon,-24.8667,113.6333,25.49,76,0,8.1,AU,1707866236
135,khost,33.3395,69.9204,9.1,30,0,1.6,AF,1707866237
136,kudahuvadhoo,2.6708,72.8944,27.83,78,99,7.18,MV,1707866237
137,pinheiro machado,-31.5783,-53.3811,13.92,88,100,4.74,BR,1707866237
138,kobelyaky,49.1489,34.1965,7.06,84,100,3.97,UA,1707866237
139,klyuchi,52.2667,79.1667,-6.86,60,100,10.28,RU,1707866238
140,constantia,44.1833,28.65,6.5,83,100,3.89,RO,1707866238
141,naracoorte,-36.9579,140.7383,16.41,40,0,4.83,AU,1707866238
142,thinadhoo,0.5333,72.9333,28.08,82,98,6.8,MV,1707866239
143,tazacorte,28.629,-17.9293,19.53,72,0,2.24,ES,1707866239
144,meadow lakes,61.6247,-149.6011,7.99,39,0,4.63,US,1707866239
145,tanout,14.9709,8.8879,20.97,21,0,5.42,NE,1707866239
146,nova sintra,14.8667,-24.7167,20.23,78,0,6.25,CV,1707866240
147,edd,13.9297,41.6925,28.07,60,5,8.78,ER,1707866186
148,illizi,26.4833,8.4667,14.89,46,0,2.42,DZ,1707866240
149,saint-joseph,-21.3667,55.6167,25.21,84,100,4.35,RE,1707866241
150,chul'man,56.8479,124.9104,-31.19,100,96,0.33,RU,1707866241
151,kratie,12.4881,106.0188,22.95,73,39,3.25,KH,1707866241
152,nikolayevsk-on-amure,53.1406,140.73,-17.31,94,100,1.6,RU,1707866198
153,northam,51.0333,-4.2167,11.88,98,100,7.41,GB,1707866242
154,tazovsky,67.4667,78.7,-39.73,100,45,2.13,RU,1707866242
155,sao vicente,-23.9631,-46.3919,36.1,81,87,2.53,BR,1707866242
156,ulety,51.3572,112.4849,-18.7,98,86,2.83,RU,1707866243
157,sarikei,2.1167,111.5167,23.23,99,77,0.87,MY,1707866243
158,berezovyy,51.6667,135.7,-19.79,97,78,1.16,RU,1707866243
159,ola,59.5833,151.2833,-27.14,93,56,2.96,RU,1707866244
160,dawson creek,55.7666,-120.2362,0.8,37,0,4.12,CA,1707866244
161,talnakh,69.4865,88.3972,-33.74,91,22,1.89,RU,1707866244
162,kapuskasing,49.4169,-82.4331,-11.95,66,20,2.06,CA,1707866245
163,isabela,6.7085,121.9711,26.03,81,5,4.29,PH,1707866245
164,umluj,25.0213,37.2685,22.03,63,0,6.47,SA,1707866245
165,san martin de los andes,-40.1604,-71.3486,27.58,39,24,1.94,AR,1707866246
166,goundi,9.3627,17.366,27.1,11,39,2.06,TD,1707866246
167,kaa-khem,51.6833,94.7333,-22.0,88,100,1.56,RU,1707866246
168,porto novo,6.4965,2.6036,27.07,87,0,3.35,BJ,1707866247
169,afaahiti,-17.75,-149.2833,28.93,94,100,14.71,PF,1707866247
170,fale old settlement,-9.3852,-171.2468,28.83,78,97,11.5,TK,1707866247
171,franklin,39.9667,-83.0166,6.85,54,20,6.17,US,1707866247
172,cananeia,-25.0147,-47.9267,26.74,88,74,4.43,BR,1707866248
173,waingapu,-9.6567,120.2641,26.66,82,81,2.49,ID,1707866248
174,papatowai,-46.5619,169.4708,20.34,58,0,1.36,NZ,1707866248
175,cabedelo,-6.9811,-34.8339,27.37,76,88,3.38,BR,1707866248
176,port blair,11.6667,92.75,25.02,88,40,0.0,IN,1707866249
177,el coacoyul,17.6167,-101.4333,29.53,66,75,3.09,MX,1707866249
178,mabaruma,8.2,-59.7833,24.83,85,94,2.0,GY,1707866249
179,piracuruca,-3.9281,-41.7092,24.46,89,98,1.6,BR,1707866249
180,nabire,-3.3667,135.4833,25.74,88,93,0.98,ID,1707866249
181,kharkhorin,47.1975,102.8238,-21.53,75,13,2.89,MN,1707866250
182,jeremie,18.65,-74.1167,25.81,81,45,1.46,HT,1707866250
183,bardai,11.65,7.2333,22.14,10,2,4.35,NG,1707866250
184,kristiansund,63.1115,7.732,2.36,51,40,3.6,NO,1707866251
185,nemuro,43.3236,145.575,1.98,84,0,6.58,JP,1707866251
186,bucerias,20.75,-105.3333,24.99,73,100,0.0,MX,1707866251
187,kindu,-2.95,25.95,22.1,99,100,1.05,CD,1707866252
188,dubrajpur,23.8,87.3833,18.94,59,100,1.0,IN,1707866252
189,fort bragg,35.139,-79.006,13.91,30,0,3.09,US,1707866252
190,callaway,30.153,-85.5699,16.03,52,40,2.57,US,1707866252
191,akureyri,65.6835,-18.0878,-4.04,86,75,1.54,IS,1707866253
192,yellowknife,62.456,-114.3525,-14.84,93,76,2.91,CA,1707865978
193,zhangye,38.9342,100.4517,-2.48,29,100,0.81,CN,1707866253
194,pariaman,-0.619,100.12,26.03,80,60,1.95,ID,1707866254
195,sitka,57.0531,-135.33,5.94,70,0,0.0,US,1707866254
196,dudinka,69.4058,86.1778,-37.4,99,23,1.79,RU,1707866254
197,nantucket,41.2835,-70.0995,0.06,93,40,10.29,US,1707866077
198,lewistown,40.5992,-77.5714,4.09,56,75,8.23,US,1707866254
199,latur,18.4,76.5833,22.87,33,86,1.62,IN,1707866255
200,villafranca di verona,45.3524,10.8402,8.55,81,0,1.54,IT,1707866255
201,vorkuta,67.5,64.0,-32.38,97,8,2.42,RU,1707866255
202,pandan,14.0453,124.1694,25.07,86,68,7.18,PH,1707866256
203,kununurra,-15.7667,128.7333,24.99,94,84,1.54,AU,1707866256
204,minas de marcona,-15.2119,-75.1103,21.16,77,34,6.46,PE,1707866256
205,buala,-8.145,159.5921,28.84,69,87,3.1,SB,1707866256
206,boa vista,2.8197,-60.6733,30.99,55,40,4.12,BR,1707866257
207,punta arenas,-53.15,-70.9167,16.06,51,75,6.17,CL,1707866256
208,pocone,-16.2567,-56.6228,28.82,59,88,1.67,BR,1707866257
209,nova vicosa,-17.8919,-39.3719,25.77,85,70,2.73,BR,1707866257
210,remire-montjoly,4.9167,-52.2667,27.02,89,75,2.57,GF,1707866258
211,zelenikovo,41.8867,21.5869,9.03,61,75,3.6,MK,1707866258
212,urrao,6.3152,-76.1342,18.35,89,67,1.37,CO,1707866258
213,carutapera,-1.195,-46.02,24.53,94,100,2.05,BR,1707866259
214,san antonio de pale,-1.4014,5.6325,28.6,79,96,2.12,GQ,1707866259
215,cova figueira,14.8905,-24.2934,20.92,79,0,4.99,CV,1707866184
216,lihue,21.9789,-159.3672,25.77,71,0,6.17,US,1707866259
217,lemvig,56.5486,8.3102,4.55,96,74,4.9,DK,1707866259
218,devonport,-41.1667,146.35,16.72,57,41,2.24,AU,1707866260
219,mil'kovo,55.6078,37.7956,-9.73,94,100,4.36,RU,1707866260
220,margate,51.3813,1.3862,11.6,93,100,3.58,GB,1707866260
221,georgetown,5.4112,100.3354,26.96,80,20,2.57,MY,1707866261
222,ozersk,55.7556,60.7028,-18.15,85,99,4.92,RU,1707866261
223,richmond,37.5538,-77.4603,8.99,54,0,6.17,US,1707866234
224,hoemul-li,41.4339,129.67,3.79,76,100,2.67,KP,1707866261
225,indianola,41.3581,-93.5574,9.14,50,43,0.45,US,1707866262
226,boguchany,58.3814,97.4531,-19.52,100,100,1.34,RU,1707866262
227,piton saint-leu,-21.2196,55.3151,25.04,83,75,2.57,RE,1707866262
228,natchez,31.5604,-91.4032,14.03,42,0,2.06,US,1707866246
229,ritchie,-29.038,24.6028,26.63,15,66,2.94,ZA,1707866263
230,la sarre,48.8002,-79.1996,-12.12,87,100,4.21,CA,1707866263
231,veselynove,47.3567,31.2349,7.53,89,99,1.49,UA,1707866263
232,viqueque,-8.8673,126.3658,26.85,84,97,1.81,TL,1707866263
233,mount gambier,-37.8333,140.7667,16.34,41,37,4.1,AU,1707866264
234,murakami,38.2333,139.4833,6.94,70,98,4.05,JP,1707866264
235,iskateley,67.6803,53.1512,-29.43,98,8,3.58,RU,1707866264
236,itoman,26.1247,127.6694,22.43,76,20,7.72,JP,1707866265
237,yuanping,38.7153,112.7575,2.1,67,66,2.52,CN,1707866265
238,saguenay,48.4168,-71.0657,-9.54,73,40,6.17,CA,1707866039
239,keflavik,64.0049,-22.5624,-2.76,86,0,2.57,IS,1707866265
240,christchurch,-43.5333,172.6333,27.52,52,0,6.17,NZ,1707866266
241,dzuunharaa,48.8523,106.4579,-18.38,98,100,1.13,MN,1707866266
242,ballina,-28.8667,153.5667,27.1,63,9,1.58,AU,1707866266
243,saltpond,5.2091,-1.0606,27.46,91,1,3.64,GH,1707866266
244,vilyuchinsk,52.9306,158.4028,-18.85,74,16,2.03,RU,1707866267
245,yarega,63.4354,53.5765,-35.07,99,44,1.75,RU,1707866267
246,kerikeri,-35.2268,173.9474,22.52,51,12,3.66,NZ,1707866231
247,harnai,30.1005,67.9374,12.22,33,6,1.0,PK,1707866268
248,selfoss,63.9331,-20.9971,-7.75,87,7,3.69,IS,1707866268
249,flying fish cove,-10.4217,105.6791,24.82,94,75,1.03,CX,1707866268
250,lompoc,34.6391,-120.4579,20.38,71,0,6.69,US,1707866269
251,howard springs,-12.497,131.047,24.95,96,100,2.51,AU,1707866269
252,qaryat suluq,31.6682,20.2521,13.38,72,49,3.43,LY,1707866270
253,amahai,-3.3333,128.9167,26.86,79,100,2.41,ID,1707866270
254,rawson,-43.3002,-65.1023,30.56,14,29,8.24,AR,1707866270
255,enewetak,11.3474,162.3373,26.15,78,94,6.52,MH,1707866270
256,balod,20.73,81.2047,20.57,41,71,1.02,IN,1707866271
257,kailua-kona,19.6406,-155.9956,27.93,73,20,5.14,US,1707866271
258,mikun',62.3547,50.0771,-33.45,98,6,1.95,RU,1707866271
259,taltal,-25.4,-70.4833,21.33,76,54,2.39,CL,1707866271
260,suizhou,31.7111,113.3631,11.35,93,41,2.6,CN,1707866271
261,hermanus,-34.4187,19.2345,15.45,88,5,1.76,ZA,1707866272
262,freeport,40.6576,-73.5832,4.58,79,0,5.14,US,1707866272
263,vilhena,-12.7406,-60.1458,26.12,83,40,2.06,BR,1707866272
264,darwin,-12.4611,130.8418,24.99,93,75,2.57,AU,1707866243
265,strelka,58.0728,93.0344,-17.57,98,100,1.61,RU,1707866273
266,linxia chengguanzhen,35.6003,103.2064,-1.83,57,100,1.38,CN,1707866273
267,bonthe,7.5264,-12.505,26.58,86,32,2.39,SL,1707866273
268,walvis bay,-22.9575,14.5053,17.53,88,14,2.06,NA,1707866166
269,kattivakkam,13.2167,80.3167,26.05,79,41,3.95,IN,1707866274
270,trincomalee,8.5711,81.2335,27.08,77,86,8.29,LK,1707866274
271,sinop,41.7711,34.8709,9.28,71,92,0.85,TR,1707866274
272,bikenibeu village,1.3673,173.1241,29.98,84,75,3.09,KI,1707866274
273,port saint john's,-31.6229,29.5448,22.52,91,35,1.19,ZA,1707866275
274,haiku-pauwela,20.9219,-156.3051,25.14,74,40,4.12,US,1707866275
275,udachny,66.4167,112.4,-36.42,66,100,2.53,RU,1707866275
276,okhotsk,59.3833,143.3,-29.38,98,77,2.77,RU,1707866275
277,antofagasta,-23.65,-70.4,22.6,81,53,2.07,CL,1707866164
278,tyukhtet,56.5389,89.3011,-11.86,94,100,3.74,RU,1707866276
279,port macquarie,-31.4333,152.9167,29.94,58,2,3.2,AU,1707866242
280,san jose de jachal,-30.2406,-68.7469,24.91,41,12,3.11,AR,1707866276
281,katabu,-4.9333,122.5167,25.63,92,100,1.24,ID,1707866277
282,brainerd,46.358,-94.2008,0.14,70,20,1.54,US,1707866277
283,nurota,40.5614,65.6886,10.55,35,79,2.81,UZ,1707866277
284,chernyshevskiy,63.0128,112.4714,-44.88,100,81,1.1,RU,1707866277
285,anloga,5.7947,0.8973,27.61,88,0,4.37,GH,1707866277
286,weno,7.4515,151.8468,28.97,70,20,5.66,FM,1707866278
287,tralee,52.2704,-9.7026,10.12,97,98,3.09,IE,1707866278
288,rongelap,11.1635,166.8941,26.29,66,88,7.76,MH,1707866278
289,elko,41.0002,-115.5012,6.01,68,100,0.98,US,1707866184
290,sur,22.5667,59.5289,22.71,76,0,3.54,OM,1707866278
291,bom jardim,-7.7958,-35.5872,24.92,74,100,4.22,BR,1707866279
292,alaghsas,17.0187,8.0168,21.94,20,3,4.86,NE,1707866279
293,lubang,13.8584,120.124,25.59,81,59,10.61,PH,1707866279
294,hamilton,39.1834,-84.5333,8.97,46,75,5.36,US,1707866086
295,huarmey,-10.0681,-78.1522,26.28,77,60,4.6,PE,1707866279
296,naudero,27.6648,68.3622,11.01,19,0,0.4,PK,1707866280
297,caluula,11.9661,50.7569,25.13,78,64,7.22,SO,1707866280
298,sardinata,8.0829,-72.8007,29.82,71,65,0.47,CO,1707866100
299,olonkinbyen,70.9221,-8.7187,-1.5,90,100,10.29,SJ,1707866280
300,yeed,4.55,43.0333,27.26,43,72,6.88,SO,1707866281
301,talagante,-33.6667,-70.9333,31.58,36,0,3.46,CL,1707866281
302,beardstown,40.0176,-90.4243,9.55,62,60,2.24,US,1707866281
303,ivankiv,50.9386,29.8943,7.56,98,100,1.84,UA,1707866281
304,susuman,62.7833,148.1667,-45.01,100,88,0.45,RU,1707866282
305,west bay,19.3667,-81.4167,28.04,78,20,1.03,KY,1707866282
306,kone,-21.0595,164.8658,30.33,63,6,1.94,NC,1707866282
307,cuatro cienegas de carranza,26.9833,-102.0833,19.01,24,80,3.14,MX,1707866283
308,hawaiian paradise park,19.5933,-154.9731,26.73,68,20,4.63,US,1707866283
309,pangkalanbuun,-2.6833,111.6167,23.67,98,80,1.08,ID,1707866283
310,saint george,37.1041,-113.5841,16.9,23,0,3.09,US,1707866284
311,dongola,19.1667,30.4833,20.74,9,0,2.23,SD,1707866284
312,petrovskaya,45.4314,37.955,10.53,63,100,2.97,RU,1707866284
313,acapulco de juarez,16.8634,-99.8901,28.9,61,40,6.17,MX,1707866127
314,boston,42.3584,-71.0598,1.25,71,100,5.66,US,1707866174
315,ascension,30.2169,-90.9001,16.14,49,3,2.14,US,1707866232
316,serignan,43.2787,3.2771,7.53,93,0,1.03,FR,1707866285
317,laizhou,37.1717,119.9214,8.0,74,3,3.22,CN,1707866286
318,antsiranana,-12.2787,49.2917,25.46,88,37,2.63,MG,1707866286
319,nema,57.5067,50.5011,-25.7,99,16,2.8,RU,1707866286
320,sakakah,29.9697,40.2064,16.76,43,40,4.09,SA,1707866287
321,ar ruseris,11.8659,34.3869,27.57,18,8,3.31,SD,1707866287
322,ad dabbah,18.05,30.95,21.27,8,0,3.48,SD,1707866287
323,srikakulam,18.3,83.9,19.47,87,70,2.07,IN,1707866287
324,fada,9.5667,8.3,23.68,12,8,2.84,NG,1707866288
325,jinchang,38.4953,102.1739,-3.02,28,100,1.9,CN,1707866252
326,nizhniy kuranakh,58.8353,125.4869,-25.31,98,100,1.92,RU,1707866288
327,san ignacio,17.1561,-89.0714,24.08,78,75,3.09,BZ,1707866288
328,saint george's,12.0564,-61.7485,26.43,80,10,6.35,GD,1707866289
329,ta`u,-14.2336,-169.5144,27.55,85,100,8.4,AS,1707866289
330,encruzilhada do sul,-30.5439,-52.5219,17.1,72,100,4.78,BR,1707866289
331,kiunga,-6.1219,141.2906,24.12,98,100,0.93,PG,1707866289
332,tucupita,9.0622,-62.051,28.69,57,91,3.26,VE,1707866290
333,turinskaya sloboda,57.6232,64.3858,-19.7,91,100,7.77,RU,1707866290
334,alibag,18.6411,72.8792,23.04,55,86,3.8,IN,1707866290
335,ataq,14.5377,46.8319,18.77,80,61,3.64,YE,1707866290
336,argo,37.6333,22.7333,8.77,70,25,1.26,GR,1707866291
337,mugia,43.1041,-9.2179,15.51,93,57,8.27,ES,1707866291
338,burang,30.25,81.1667,-12.29,77,98,1.16,CN,1707866291
339,chumphon,10.3333,98.8333,19.33,95,45,0.96,TH,1707866291
340,ancud,-41.8697,-73.8203,17.23,66,22,1.22,CL,1707866292
341,cururupu,-1.8283,-44.8683,24.47,92,100,0.85,BR,1707866292
342,castillos,-34.1667,-53.8333,16.68,62,12,4.35,UY,1707866292
343,ak'ordat,15.5486,37.8867,24.01,22,22,0.78,ER,1707866292
344,meru,0.0463,37.6559,16.79,72,75,1.99,KE,1707866293
345,malango,-2.9627,119.9001,20.83,94,100,0.88,ID,1707866293
346,sarandi del yi,-33.35,-55.6333,18.08,52,84,6.42,UY,1707866293
347,macusani,-14.0833,-70.4333,6.34,91,100,2.82,PE,1707866293
348,yuxia,34.0615,108.6291,4.34,46,78,4.04,CN,1707866294
349,kudligi,14.9,76.3833,20.38,67,77,4.48,IN,1707866294
350,east london,-33.0153,27.9116,20.66,81,7,4.46,ZA,1707866294
351,revda,56.801,59.9303,-23.6,93,77,3.41,RU,1707866295
352,bocanda,7.0626,-4.4995,29.3,66,74,3.55,CI,1707866295
353,camanducaia,-22.7553,-46.1447,19.54,94,87,2.06,BR,1707866295
354,soio,-6.1349,12.3689,26.12,91,100,4.26,AO,1707866295
355,gurupa,-1.405,-51.64,22.93,97,100,1.66,BR,1707866296
356,howrah,22.5892,88.3103,18.0,88,40,1.54,IN,1707866296
357,cidreira,-30.1811,-50.2056,21.55,80,100,6.03,BR,1707866296
358,yenisarbademli,37.7078,31.3864,3.91,95,100,1.5,TR,1707866296
359,newman,37.3138,-121.0208,16.83,68,48,1.79,US,1707866297
360,namibe,-15.1961,12.1522,27.58,77,99,2.48,AO,1707866297
361,crixas,-14.5489,-49.9692,26.36,65,18,0.56,BR,1707866297
362,anar darah,32.7587,61.654,12.24,20,0,1.51,AF,1707866297
363,atafu village,-8.5421,-172.5159,27.36,85,100,9.24,TK,1707866298
364,konduga,11.6558,13.4213,23.14,10,0,3.07,NG,1707866298
365,ugoofaaru,5.6667,73.0,27.68,75,62,5.87,MV,1707866299
366,winnipeg,49.8844,-97.147,-2.01,87,100,7.72,CA,1707866229
367,kavaratti,10.5669,72.642,27.83,66,1,5.03,IN,1707866299
368,kijang,35.2442,129.2139,7.85,85,100,2.49,KR,1707866300
369,kota kinabalu,5.9749,116.0724,21.99,83,20,2.24,MY,1707866300
370,papao,-17.75,-149.55,29.82,88,100,12.47,PF,1707866300
371,floresta,-8.6011,-38.5686,28.72,56,98,6.21,BR,1707866300
372,gadzhiyevo,69.2551,33.3362,-18.11,97,99,6.48,RU,1707866301
373,raduzhny,62.0961,77.475,-34.12,96,34,4.55,RU,1707866301
374,pihuamo,19.2499,-103.3828,26.15,36,100,2.92,MX,1707866301
375,kruisfontein,-34.0033,24.7314,18.27,96,22,4.58,ZA,1707866301
376,tolanaro,-25.0319,46.9987,24.01,92,97,3.95,MG,1707866302
377,puerto deseado,-47.7503,-65.8938,23.51,28,7,8.35,AR,1707866302
378,sinabang,2.4803,96.3801,27.27,78,62,1.17,ID,1707866303
379,abu road,24.4833,72.7833,16.2,22,56,2.48,IN,1707866303
380,san mariano,7.5,126.0,22.33,94,81,1.43,PH,1707866303
381,takoradi,4.8845,-1.7554,27.89,88,3,3.33,GH,1707866303
382,codrington,-38.2667,141.9667,16.27,42,66,5.74,AU,1707866304
383,san pedro pochutla,15.7333,-96.4667,29.84,54,0,2.82,MX,1707866304
384,al fulah,11.7329,28.3579,24.36,11,87,5.11,SD,1707866304
385,nuuk,64.1835,-51.7216,-11.66,67,1,9.77,GL,1707866305
386,tatarsk,55.219,75.9828,-7.03,94,100,7.9,RU,1707866305
387,aykhal,66.0,111.5,-34.02,100,100,3.69,RU,1707866305
388,lianzhou,24.7811,112.3825,14.91,95,68,1.21,CN,1707866305
389,lebork,54.5392,17.7501,4.95,92,91,3.49,PL,1707866306
390,canto do buriti,-8.11,-42.9444,25.35,73,91,1.47,BR,1707866306
391,chibougamau,49.9168,-74.3659,-14.21,85,100,2.06,CA,1707866306
392,wang saphung,17.301,101.7685,14.01,100,71,1.03,TH,1707866306
393,dives-sur-mer,49.2818,-0.1013,11.55,92,100,5.8,FR,1707866307
394,tura,25.5198,90.2201,15.04,35,63,1.24,IN,1707866307
395,humaita,-7.5061,-63.0208,24.3,87,77,1.24,BR,1707866307
396,shush,32.1942,48.2436,17.08,45,76,2.56,IR,1707866307
397,taro,-8.3862,115.28,23.0,92,85,0.83,ID,1707866308
398,zaysan,47.4667,84.8667,-17.46,84,68,1.5,KZ,1707866308
399,fortuna,40.5982,-124.1573,16.07,78,75,1.79,US,1707866186
400,isangel,-19.55,169.2667,29.06,89,75,4.63,VU,1707866309
401,greymouth,-42.4667,171.2,17.37,67,10,2.25,NZ,1707866309
402,dalian,38.9122,121.6022,2.96,100,75,3.0,CN,1707866309
403,yamada,39.4667,141.95,10.69,73,63,5.56,JP,1707866310
404,kalmunai,7.4167,81.8167,25.68,85,83,5.25,LK,1707866310
405,mazatlan,23.2167,-106.4167,23.98,76,100,3.6,MX,1707866156
406,saudarkrokur,65.7461,-19.6394,-7.65,95,99,2.62,IS,1707866311
407,akjoujt,19.6969,-14.4164,25.54,25,15,4.45,MR,1707866311
408,dingcheng,32.1272,115.0394,12.07,76,2,2.89,CN,1707866311
409,moses lake,47.1301,-119.2781,8.38,36,75,5.14,US,1707866311
410,chania,35.5122,24.0156,11.78,87,20,2.06,GR,1707866311
411,port isabel,26.0734,-97.2086,20.05,59,0,7.2,US,1707866312
412,lobujya,27.95,86.8167,-13.56,58,84,1.49,NP,1707866312
413,palmer,42.1584,-72.3287,0.75,80,75,0.0,US,1707866312
414,usogorsk,63.4106,48.6872,-35.74,100,6,1.44,RU,1707866313
415,bryne,58.7354,5.6477,4.99,94,75,5.14,NO,1707866313
416,ylitornio,66.3089,23.6773,-17.54,93,98,2.97,FI,1707866313
417,ravar,31.2656,56.8055,10.9,28,2,1.0,IR,1707866313
418,calipatria,33.1256,-115.5142,21.27,20,36,0.54,US,1707866314
419,nieuw amsterdam,5.8833,-55.0833,28.09,78,20,3.09,SR,1707866314
420,lata,40.1629,-8.3327,17.18,96,100,1.48,PT,1707866314
421,tsaratanana,-16.7833,47.65,23.06,97,100,0.78,MG,1707866315
422,bechar,31.6167,-2.2167,15.18,25,0,1.03,DZ,1707866315
423,lautoka,-17.6167,177.4667,31.92,70,40,2.57,FJ,1707866315
424,xai-xai,-25.0519,33.6442,22.57,86,0,2.27,MZ,1707866316
425,harper,4.375,-7.7169,27.43,86,19,3.5,LR,1707866316
426,kabalo,-6.05,26.9167,22.5,96,100,0.59,CD,1707866316
427,wanganui,-39.9333,175.05,20.28,53,3,4.26,NZ,1707866316
428,pervomayskoye,43.919,46.7102,7.38,75,100,2.54,RU,1707866317
429,camana,-16.6228,-72.7111,24.44,82,72,2.84,PE,1707866317
430,xiaoshi,41.2971,124.1209,1.81,97,97,0.83,CN,1707866317
431,mejit,10.2753,170.8646,26.64,77,97,8.57,MH,1707866317
432,bubaque,11.2833,-15.8333,26.65,72,93,7.19,GW,1707866317
433,garh maharaja,30.8339,71.9053,13.06,28,0,2.83,PK,1707866318
434,kismayo,-0.3582,42.5454,26.21,85,98,6.75,SO,1707866318
435,ore,6.7457,4.8775,25.25,94,19,1.06,NG,1707866318
436,kargopol',61.5071,38.9456,-31.05,100,69,1.22,RU,1707866318
437,cabo san lucas,22.8909,-109.9124,22.56,53,100,4.12,MX,1707866319
438,palikir - national government center,6.9248,158.1611,28.47,84,100,5.14,FM,1707866319
439,lauro de freitas,-12.8944,-38.3272,28.01,78,40,3.09,BR,1707866319
440,essaouira,31.5125,-9.77,22.72,49,90,1.54,MA,1707866320
441,inarajan village,13.2736,144.7484,28.54,67,68,9.6,GU,1707866320
442,brandon,27.9378,-82.2859,16.27,77,0,3.6,US,1707866231
443,la ronge,55.1001,-105.2842,-9.86,79,100,5.66,CA,1707866320
444,blackwater,-23.5833,148.8833,27.85,65,93,4.56,AU,1707866321
445,vila velha,-20.3297,-40.2925,27.19,86,0,5.14,BR,1707866321
446,shibushi,31.4667,131.105,13.91,76,100,0.18,JP,1707866321
447,illapel,-31.6308,-71.1653,25.05,54,0,3.32,CL,1707866321
448,prado,-17.3411,-39.2208,25.42,89,33,1.92,BR,1707866249
449,erenhot,43.6475,111.9767,-13.87,79,75,3.13,CN,1707866322
450,zhatay,62.1594,129.8294,-32.97,68,100,2.0,RU,1707866322
451,praia da vitoria,38.7333,-27.0667,15.98,82,40,4.5,PT,1707866322
452,salekhard,66.53,66.6019,-28.45,97,82,3.86,RU,1707866323
453,hithadhoo,-0.6,73.0833,28.08,80,99,5.48,MV,1707866323
454,drayton valley,53.2168,-114.9854,-2.76,66,95,2.26,CA,1707866323
455,vilyuysk,63.7553,121.6247,-38.33,100,96,1.34,RU,1707866323
456,portland,45.5234,-122.6762,12.5,72,20,2.57,US,1707866224
457,viamao,-30.0811,-51.0233,21.42,87,100,4.12,BR,1707866324
458,sidi ifni,29.3797,-10.173,26.77,26,90,9.35,MA,1707866324
459,crescent city,41.756,-124.2018,14.42,76,0,3.6,US,1707866324
460,yelizovo,53.1873,158.3805,-18.92,55,40,3.0,RU,1707866324
461,wuhai,39.6647,106.8122,-2.26,20,100,7.18,CN,1707866325
462,andkhoy,36.9529,65.1238,11.52,41,20,4.79,AF,1707866325
463,sapporo,43.0642,141.3469,3.95,80,20,1.54,JP,1707866325
464,lensk,60.7253,114.9278,-24.77,95,100,2.91,RU,1707866325
465,ocean city,39.2776,-74.5746,4.14,70,42,3.13,US,1707866061
466,igarka,67.4667,86.5833,-36.61,94,17,2.19,RU,1707866326
467,torbat-e jam,35.244,60.6225,9.85,35,0,0.36,IR,1707866327
468,abepura,-2.6333,140.5833,27.45,83,40,1.54,ID,1707866327
469,qui nhon,13.7667,109.2333,20.71,90,84,2.53,VN,1707866327
470,sao gabriel da cachoeira,-0.1303,-67.0892,27.23,76,85,0.74,BR,1707866328
471,kigoma,-4.8769,29.6267,24.08,81,99,1.08,TZ,1707866328
472,gunjur,13.2019,-16.7339,25.04,73,0,4.12,GM,1707866328
473,uturoa,-16.7333,-151.4333,26.75,90,98,12.42,PF,1707866328
474,isola di capo rizzuto,38.96,17.0933,10.66,69,67,6.19,IT,1707866328
475,chui,-33.6971,-53.4616,17.69,61,75,4.26,UY,1707866329
476,lalibela,12.0333,39.0333,17.17,29,80,0.85,ET,1707866329
477,alice springs,-23.7,133.8833,31.75,29,0,6.69,AU,1707866329
478,saint-pierre,-21.3393,55.4781,25.82,83,75,2.57,RE,1707866329
479,fort-shevchenko,44.5086,50.263,9.62,58,100,5.24,KZ,1707866330
480,hilo,19.7297,-155.09,26.85,66,20,4.63,US,1707866189
481,andovoranto,-18.95,49.1,24.1,93,93,2.22,MG,1707866330
482,saurimo,-9.6608,20.3916,19.53,93,88,0.82,AO,1707866330
483,whakatane,-37.9585,176.9854,24.38,65,61,3.13,NZ,1707866331
484,luanda,-8.8368,13.2343,29.0,84,75,2.57,AO,1707866331
485,brush,40.2589,-103.6238,11.89,28,0,2.06,US,1707866331
486,laguna,38.421,-121.4238,16.91,62,75,4.63,US,1707866331
487,jijiga,9.35,42.8,19.86,49,16,3.9,ET,1707866332
488,dibba al-hisn,25.6196,56.2729,21.1,84,27,3.41,AE,1707866332
489,freeland,43.525,-84.1228,0.99,66,100,2.06,US,1707866332
490,verkhotur'ye,58.8627,60.8054,-24.48,90,100,6.05,RU,1707866332
491,bengkulu,-3.8004,102.2655,25.24,89,92,1.81,ID,1707866333
492,santa sylvina,-27.8326,-61.1375,22.25,61,91,2.83,AR,1707866333
493,jokioinen,60.8016,23.48,-4.81,88,100,6.16,FI,1707866333
494,hasaki,35.7333,140.8333,4.22,51,0,2.28,JP,1707866334
495,tobruk,32.0836,23.9764,14.43,69,30,6.03,LY,1707866334
496,port augusta,-32.5,137.7667,19.72,49,4,6.7,AU,1707866334
497,saint-philippe,-21.3585,55.7679,25.77,85,100,4.24,RE,1707866334
498,arno,60.1167,18.6333,-1.23,97,100,2.85,SE,1707866335
499,pointe-noire,-4.7761,11.8635,26.04,89,20,2.06,CG,1707866335
500,la passe,45.5549,-0.8967,11.13,83,83,3.34,FR,1707866335
501,mana,5.6592,-53.7767,26.29,84,65,4.28,GF,1707866335
502,fuyang,32.9,115.8167,10.95,77,1,2.49,CN,1707866336
503,cudillero,43.5622,-6.1459,13.84,84,0,0.51,ES,1707866336
504,vadso,70.0744,29.7487,-11.91,79,40,10.29,NO,1707866336
505,kourou,5.1552,-52.6478,27.03,90,14,3.69,GF,1707866336
506,praia,14.9215,-23.5087,22.3,83,20,3.09,CV,1707866220
507,general roca,-39.0333,-67.5833,27.57,18,8,7.83,AR,1707866337
508,dhamar,14.5427,44.4051,13.95,70,3,0.49,YE,1707866337
509,mae hong son,19.3003,97.9685,15.08,94,20,0.0,TH,1707866337
510,kolonia,50.9333,6.95,9.93,78,100,4.12,DE,1707866337
511,prineville,44.2999,-120.8345,10.27,35,0,0.89,US,1707866338
512,punta cardon,11.6581,-70.215,26.33,80,74,13.09,VE,1707866338
513,anqing,30.5092,117.0506,12.31,77,24,1.11,CN,1707866338
514,deniliquin,-35.5333,144.9667,18.61,38,0,6.16,AU,1707866085
515,woolgoolga,-30.1106,153.2007,27.93,64,0,4.25,AU,1707866338
516,hammerfest,70.6634,23.6821,-6.75,63,100,11.32,NO,1707866339
517,ierapetra,35.01,25.7353,13.97,70,10,1.79,GR,1707866339
518,yarmouth,41.7057,-70.2286,0.54,95,75,11.62,US,1707866339
519,masuda,34.6667,131.85,10.15,76,75,6.17,JP,1707866279
520,selby,53.7833,-1.0667,8.07,98,100,0.69,GB,1707866339
521,shakawe,-18.3667,21.85,21.35,48,1,2.29,BW,1707866340
522,vernon,50.2581,-119.2691,5.2,56,88,1.54,CA,1707866340
523,wayne,42.2506,-83.2833,2.19,64,100,3.6,US,1707866269
524,oamaru,-45.0784,170.9801,22.76,49,0,6.72,NZ,1707866340
525,saint-felicien,48.6501,-72.4491,-8.62,67,100,5.66,CA,1707866341
526,sirte,31.2089,16.5887,15.83,67,7,9.86,LY,1707866341
527,port moresby,-9.4431,147.1797,29.68,70,40,2.57,PG,1707866341
528,melekeok village,7.4957,134.6367,28.31,69,75,4.63,PW,1707866342
529,abra pampa,-22.7205,-65.697,11.27,73,100,1.48,AR,1707866342
530,tekkali,18.6167,84.2333,19.36,81,70,1.83,IN,1707866342
531,xinyuan,37.3,99.0,-12.45,71,96,3.06,CN,1707866342
532,kingscliff,-28.2667,153.5667,28.86,65,10,3.6,AU,1707866342
533,rikaze,29.25,88.8833,-2.49,47,56,0.81,CN,1707866343
534,lazaro cardenas,17.9583,-102.2,27.37,59,60,3.27,MX,1707866325
535,isetskoye,56.4858,65.3226,-17.1,88,100,8.94,RU,1707866343
536,bourbon-lancy,46.6221,3.7695,8.83,78,92,1.5,FR,1707866343
537,poyarkovo,49.6,128.6833,-22.61,100,38,2.58,RU,1707866344
538,seefeld,48.0333,11.2,1.22,86,20,1.03,DE,1707866344
539,mul,20.0667,79.6667,21.46,49,96,2.23,IN,1707866344
540,nar'yan-mar,67.6713,53.087,-29.38,98,9,3.58,RU,1707866344
541,kuragino,53.8975,92.6725,-12.36,96,100,2.22,RU,1707866345
542,najran,17.4924,44.1277,15.36,56,100,0.94,SA,1707866345
543,djambala,-2.5447,14.7533,19.92,90,94,1.63,CG,1707866345
544,mallawi,27.7314,30.8417,14.59,47,49,2.94,EG,1707866345
545,brokopondo,4.75,-55.1667,26.87,79,82,3.74,SR,1707866345
546,mar del plata,-38.0023,-57.5575,18.38,64,20,3.13,AR,1707866184
547,siracusa,37.0881,15.2792,12.77,63,3,5.53,IT,1707866346
548,alo,7.4178,6.7371,30.63,29,5,0.77,NG,1707866346
549,zarate,-34.0981,-59.0286,19.34,63,3,2.6,AR,1707866347
550,emerald,-23.5333,148.1667,28.03,64,94,4.92,AU,1707866144
551,popondetta,-8.7537,148.2534,29.22,73,100,0.21,PG,1707866347
552,boke,10.9409,-14.2967,23.7,84,51,1.14,GN,1707866347
553,salahonda,2.1019,-78.7217,27.52,84,88,4.61,CO,1707866347
554,coari,-4.085,-63.1414,24.4,97,95,1.36,BR,1707866348
555,vallenar,-28.5708,-70.7581,24.58,50,0,2.83,CL,1707866348
556,queenstown,-31.8976,26.8753,16.26,86,14,0.74,ZA,1707866348
557,zhezqazghan,47.7833,67.7667,-5.62,93,84,3.6,KZ,1707866349
558,constitucion,-35.3333,-72.4167,17.89,75,1,2.95,CL,1707866349
559,idri,27.5,13.2667,14.06,43,1,4.87,LY,1707866349
560,puerto aysen,-45.4,-72.7,21.49,61,2,1.82,CL,1707866349
561,badger,64.8,-147.5333,6.14,62,75,5.14,US,1707866350
562,crane,31.3974,-102.3501,18.95,16,16,7.5,US,1707866273
563,tionk essil,12.7856,-16.5217,25.03,63,100,4.03,SN,1707866350
564,beitbridge,-22.2167,30.0,25.72,44,0,3.21,ZW,1707866351
565,gowurdak,37.8124,66.0466,12.04,31,63,2.02,TM,1707866351
566,poronaysk,49.2167,143.1167,-10.29,95,100,1.9,RU,1707866351
567,campbell river,50.0163,-125.2446,5.74,87,20,2.57,CA,1707866351
568,allen,41.0706,-85.0144,4.0,63,20,5.14,US,1707866352
569,baukau,51.5526,7.2042,8.92,83,100,4.86,DE,1707866352
570,sydney,-33.8679,151.2073,29.65,58,20,4.12,AU,1707866100
571,badr hunayn,23.7829,38.7905,21.02,74,0,1.54,SA,1707866352
572,mount darwin,-16.7725,31.5838,19.37,92,49,1.96,ZW,1707866353
573,malaut,30.2167,74.4833,10.17,40,0,2.81,IN,1707866353
574,cacu,-18.5567,-51.1308,26.65,56,88,1.69,BR,1707866353
575,kuala belait,4.5833,114.1833,24.09,93,56,1.38,BN,1707866354
576,durban,-29.8579,31.0292,20.51,83,3,4.74,ZA,1707866354
577,zeya,53.75,127.2667,-18.06,76,2,2.67,RU,1707866354
578,port lincoln,-34.7333,135.8667,17.04,52,38,5.38,AU,1707866354
579,egilsstadir,65.2653,-14.3948,-4.05,80,20,1.54,IS,1707866355
580,flekkefjord,58.2971,6.6607,1.1,98,100,1.54,NO,1707866355
581,brookings,44.3114,-96.7984,3.99,74,100,3.6,US,1707866154
582,ningde,26.6617,119.5228,12.66,77,13,1.7,CN,1707866355
583,auki,-8.7676,160.7034,27.11,82,85,4.78,SB,1707866355
584,taroa,8.7058,171.2275,27.27,73,87,7.96,MH,1707866356
